unix,date,symbol,open,high,low,close,Volume BTC,Volume USD
1769904000,2026-02-01T00:00:00.0000000Z,BTC-USDT,78739,78776.2,78682,78686.1,3.22619362,253856.593802682
1769904060,2026-02-01T00:01:00.0000000Z,BTC-USDT,78686,78686,78648,78674.1,4.42143073,347852.083395093
1769904120,2026-02-01T00:02:00.0000000Z,BTC-USDT,78674,78823,78673.1,78823,3.94372432,310856.18207536
1769904180,2026-02-01T00:03:00.0000000Z,BTC-USDT,78823.9,78906,78801.1,78864.1,11.89722392,938263.856949272
1769904240,2026-02-01T00:04:00.0000000Z,BTC-USDT,78864.1,78934.9,78847.2,78920.9,7.92447523,625406.717179307
1769904300,2026-02-01T00:05:00.0000000Z,BTC-USDT,78920.9,78942,78892.5,78911.1,5.58493613,440713.453448043
1769904360,2026-02-01T00:06:00.0000000Z,BTC-USDT,78911,78991,78895.1,78977,3.60758349,284916.12128973
1769904420,2026-02-01T00:07:00.0000000Z,BTC-USDT,78976.5,79025,78920.1,79025,2.93519319,231953.64183975
1769904480,2026-02-01T00:08:00.0000000Z,BTC-USDT,79025.3,79089.6,79013.1,79089.6,3.20371176,253380.281613696
1769904540,2026-02-01T00:09:00.0000000Z,BTC-USDT,79089.7,79159.9,79028.1,79159.9,5.3900062,426672.35179138
1769904600,2026-02-01T00:10:00.0000000Z,BTC-USDT,79160,79271.4,79160,79227,9.75315473,772713.18979371
1769904660,2026-02-01T00:11:00.0000000Z,BTC-USDT,79233.6,79341.6,79104.5,79320,33.13441318,2628221.65343760
1769904720,2026-02-01T00:12:00.0000000Z,BTC-USDT,79317.1,79355.6,79243.1,79245.1,15.66005337,1240982.495310987
1769904780,2026-02-01T00:13:00.0000000Z,BTC-USDT,79245.1,79298,79127.3,79266,18.92111158,1499800.83050028
1769904840,2026-02-01T00:14:00.0000000Z,BTC-USDT,79265.1,79392.2,79265.1,79349,7.8160802,620198.1477898
1769904900,2026-02-01T00:15:00.0000000Z,BTC-USDT,79346.1,79360,79266,79318.7,3.86140097,306281.305119139
1769904960,2026-02-01T00:16:00.0000000Z,BTC-USDT,79318.1,79422,79285.8,79300.1,8.22997559,652637.887284559
1769905020,2026-02-01T00:17:00.0000000Z,BTC-USDT,79300.1,79321,79258,79264.1,6.63663018,526046.518250538
1769905080,2026-02-01T00:18:00.0000000Z,BTC-USDT,79264.9,79291.3,79200.4,79257,4.44199733,352059.38238381
1769905140,2026-02-01T00:19:00.0000000Z,BTC-USDT,79257,79348,79257,79313.1,6.59546332,523106.641845492
1769905200,2026-02-01T00:20:00.0000000Z,BTC-USDT,79313.1,79318.9,79232.1,79267,8.10831324,642721.66559508
1769905260,2026-02-01T00:21:00.0000000Z,BTC-USDT,79260.5,79260.5,79195.2,79226.9,6.88284723,545306.649206487
1769905320,2026-02-01T00:22:00.0000000Z,BTC-USDT,79222,79250.6,79070,79075.1,4.67711114,369843.031106614
1769905380,2026-02-01T00:23:00.0000000Z,BTC-USDT,79075.1,79079.9,78986,78986.1,4.67105661,368948.544503121
1769905440,2026-02-01T00:24:00.0000000Z,BTC-USDT,78986.1,79028.5,78981.6,78995,2.91065771,229927.40580145
1769905500,2026-02-01T00:25:00.0000000Z,BTC-USDT,78995.1,79010.9,78975,78988.8,2.82000344,222748.687721472
1769905560,2026-02-01T00:26:00.0000000Z,BTC-USDT,78988.1,79144.1,78977,79061.1,2.8524811,225520.29349521
1769905620,2026-02-01T00:27:00.0000000Z,BTC-USDT,79061.1,79112.9,79044.6,79075.4,4.05214771,320425.201027334
1769905680,2026-02-01T00:28:00.0000000Z,BTC-USDT,79077.4,79148.9,79060.7,79130.9,6.30046537,498561.495146933
1769905740,2026-02-01T00:29:00.0000000Z,BTC-USDT,79131,79157.6,79078,79095.4,3.68943224,291817.118795696
1769905800,2026-02-01T00:30:00.0000000Z,BTC-USDT,79095.4,79230.5,79087,79158.1,5.61832315,444735.785740015
1769905860,2026-02-01T00:31:00.0000000Z,BTC-USDT,79158,79158,79036,79036.4,4.70718262,372038.768427368
1769905920,2026-02-01T00:32:00.0000000Z,BTC-USDT,79036.4,79075.9,78985.5,79012.5,5.81087079,459131.428294875
1769905980,2026-02-01T00:33:00.0000000Z,BTC-USDT,79012,79151.9,78994.2,79049,6.21093814,490968.44902886
1769906040,2026-02-01T00:34:00.0000000Z,BTC-USDT,79049.1,79062,78985.5,79002.1,1.95401052,154370.934502092
1769906100,2026-02-01T00:35:00.0000000Z,BTC-USDT,79002.1,79063,78970.8,78993,3.52342322,278325.77041746
1769906160,2026-02-01T00:36:00.0000000Z,BTC-USDT,78994,78994.3,78842,78915.2,6.28295016,495820.268466432
1769906220,2026-02-01T00:37:00.0000000Z,BTC-USDT,78916.6,78928,78846.1,78867.1,3.7557987,296208.95165277
1769906280,2026-02-01T00:38:00.0000000Z,BTC-USDT,78867.1,78876.7,78828.6,78854.6,2.57101169,202736.098410274
1769906340,2026-02-01T00:39:00.0000000Z,BTC-USDT,78854.5,78854.5,78767.1,78778,8.46996036,667246.53724008
1769906400,2026-02-01T00:40:00.0000000Z,BTC-USDT,78778,78820,78756,78756.2,2.54973117,200807.137970754
1769906460,2026-02-01T00:41:00.0000000Z,BTC-USDT,78756.2,78822.2,78756.2,78815,1.98983497,156828.84316055
1769906520,2026-02-01T00:42:00.0000000Z,BTC-USDT,78815,78882.9,78808,78854.1,2.99738638,236356.205347158
1769906580,2026-02-01T00:43:00.0000000Z,BTC-USDT,78854.1,78854.1,78811.4,78837,2.33396678,184002.93903486
1769906640,2026-02-01T00:44:00.0000000Z,BTC-USDT,78837,78846.6,78750.1,78756.9,5.84956539,460693.636463691
1769906700,2026-02-01T00:45:00.0000000Z,BTC-USDT,78756.9,78840.5,78744.6,78825,3.480645,274361.842125
1769906760,2026-02-01T00:46:00.0000000Z,BTC-USDT,78822,78889,78808,78858,2.33070928,183795.07240224
1769906820,2026-02-01T00:47:00.0000000Z,BTC-USDT,78858,78966.9,78829,78952.4,5.2383934,413583.73107416
1769906880,2026-02-01T00:48:00.0000000Z,BTC-USDT,78952.4,78985.5,78928.9,78929,2.07261225,163589.21228025
1769906940,2026-02-01T00:49:00.0000000Z,BTC-USDT,78929,78985.1,78924.6,78959,1.18315782,93420.95830938
1769907000,2026-02-01T00:50:00.0000000Z,BTC-USDT,78959.1,79016.6,78938.1,78988.4,5.24958102,414656.005440168
1769907060,2026-02-01T00:51:00.0000000Z,BTC-USDT,78991.5,79112.8,78991.5,79108.1,25.63365285,2027829.573023085
1769907120,2026-02-01T00:52:00.0000000Z,BTC-USDT,79108.1,79108.1,78964,78969,2.07168856,163599.17389464
1769907180,2026-02-01T00:53:00.0000000Z,BTC-USDT,78969,79024,78954.9,79021,3.46226549,273591.68128529
1769907240,2026-02-01T00:54:00.0000000Z,BTC-USDT,79020.1,79047.7,78964,79002.3,4.94095079,390346.476596817
1769907300,2026-02-01T00:55:00.0000000Z,BTC-USDT,79005.9,79031.5,79005.9,79031.5,2.25518857,178230.935469955
1769907360,2026-02-01T00:56:00.0000000Z,BTC-USDT,79031.6,79037,78990.1,79004.1,3.79323017,299680.735673697
1769907420,2026-02-01T00:57:00.0000000Z,BTC-USDT,79004,79050,79000.2,79027.6,9.16589329,724358.548564804
1769907480,2026-02-01T00:58:00.0000000Z,BTC-USDT,79027.5,79027.5,78873.4,78882.1,4.78325887,377313.504509227
1769907540,2026-02-01T00:59:00.0000000Z,BTC-USDT,78882.1,78936,78882.1,78897.6,2.97449608,234680.601921408
1769907600,2026-02-01T01:00:00.0000000Z,BTC-USDT,78896.2,78946,78885.9,78930.8,2.54371499,200777.459132692
1769907660,2026-02-01T01:01:00.0000000Z,BTC-USDT,78930.8,78930.8,78780.1,78796.1,7.34440204,578710.237584044
1769907720,2026-02-01T01:02:00.0000000Z,BTC-USDT,78796.1,78889.9,78792,78810.9,1.61253724,127085.511167916
1769907780,2026-02-01T01:03:00.0000000Z,BTC-USDT,78810.9,78850.7,78786.6,78809.1,3.26634155,257417.437848105
1769907840,2026-02-01T01:04:00.0000000Z,BTC-USDT,78809.1,78809.1,78700.1,78772.9,3.70570895,291909.440547455
1769907900,2026-02-01T01:05:00.0000000Z,BTC-USDT,78773,78796,78680,78680,7.76298095,610791.34114600
1769907960,2026-02-01T01:06:00.0000000Z,BTC-USDT,78680,78748.9,78666.6,78693.9,10.01227061,787904.622156279
1769908020,2026-02-01T01:07:00.0000000Z,BTC-USDT,78693,78693,78593,78640.7,9.50448037,747438.989433059
1769908080,2026-02-01T01:08:00.0000000Z,BTC-USDT,78640.7,78707.5,78611.1,78696.1,1.27296202,100177.146422122
1769908140,2026-02-01T01:09:00.0000000Z,BTC-USDT,78696,78702.5,78643,78643,1.01886629,80126.70164447
1769908200,2026-02-01T01:10:00.0000000Z,BTC-USDT,78643,78666,78558.7,78574,2.92421819,229767.52006106
1769908260,2026-02-01T01:11:00.0000000Z,BTC-USDT,78577,78629.9,78465.7,78594,20.71750266,1628271.40406004
1769908320,2026-02-01T01:12:00.0000000Z,BTC-USDT,78594.1,78645,78554.4,78645,4.69256095,369046.45591275
1769908380,2026-02-01T01:13:00.0000000Z,BTC-USDT,78645,78712.9,78645,78691,2.16243689,170164.32131099
1769908440,2026-02-01T01:14:00.0000000Z,BTC-USDT,78691,78708.4,78666.6,78700,1.297248,102093.417600
1769908500,2026-02-01T01:15:00.0000000Z,BTC-USDT,78700,78700.1,78550.7,78598.1,7.10777888,558657.915188128
1769908560,2026-02-01T01:16:00.0000000Z,BTC-USDT,78598,78613.4,78436,78473,7.31245399,573830.20195727
1769908620,2026-02-01T01:17:00.0000000Z,BTC-USDT,78471,78495.5,78451.1,78468,3.32064396,260564.29025328
1769908680,2026-02-01T01:18:00.0000000Z,BTC-USDT,78468,78510,78410.1,78453.9,4.20127449,329606.368711011
1769908740,2026-02-01T01:19:00.0000000Z,BTC-USDT,78454,78460,78379.5,78405.8,6.02336221,472266.532764818
1769908800,2026-02-01T01:20:00.0000000Z,BTC-USDT,78408,78448.6,78385,78432.1,3.34282302,262184.629386942
1769908860,2026-02-01T01:21:00.0000000Z,BTC-USDT,78432.1,78526.9,78411.1,78504,7.33331316,575694.41631264
1769908920,2026-02-01T01:22:00.0000000Z,BTC-USDT,78508.4,78552.9,78495,78548.1,6.68401547,525016.715539107
1769908980,2026-02-01T01:23:00.0000000Z,BTC-USDT,78548.1,78613.8,78548.1,78602.1,3.97743137,312634.458287877
1769909040,2026-02-01T01:24:00.0000000Z,BTC-USDT,78602.1,78611.5,78579,78611.5,1.07915689,84834.141858235
1769909100,2026-02-01T01:25:00.0000000Z,BTC-USDT,78611.4,78616,78580,78599,0.78970216,62069.80007384
1769909160,2026-02-01T01:26:00.0000000Z,BTC-USDT,78598.1,78605,78585,78593.8,0.78189848,61452.372757424
1769909220,2026-02-01T01:27:00.0000000Z,BTC-USDT,78593.8,78783.8,78593.8,78767.7,7.43324972,585499.983970044
1769909280,2026-02-01T01:28:00.0000000Z,BTC-USDT,78770.8,78805.4,78770.8,78805.4,3.49541957,275457.937381678
1769909340,2026-02-01T01:29:00.0000000Z,BTC-USDT,78805.4,78872.3,78800,78837.1,3.54701901,279636.692393271
1769909400,2026-02-01T01:30:00.0000000Z,BTC-USDT,78837,78852.1,78797,78805.4,2.85011916,224604.780451464
1769909460,2026-02-01T01:31:00.0000000Z,BTC-USDT,78805,78870,78779.1,78800,3.7221928,293308.7926400
1769909520,2026-02-01T01:32:00.0000000Z,BTC-USDT,78800,78800.1,78672.1,78672.1,1.29193791,101639.468449311
1769909580,2026-02-01T01:33:00.0000000Z,BTC-USDT,78672,78702.9,78601.4,78608.3,2.74089014,215456.714392162
1769909640,2026-02-01T01:34:00.0000000Z,BTC-USDT,78607.1,78685,78606.1,78685,1.17409295,92383.50377075
1769909700,2026-02-01T01:35:00.0000000Z,BTC-USDT,78685,78708.7,78602,78605.8,4.59698598,361349.760546684
1769909760,2026-02-01T01:36:00.0000000Z,BTC-USDT,78606.9,78624.4,78598.1,78607,7.38745149,580705.39927443
1769909820,2026-02-01T01:37:00.0000000Z,BTC-USDT,78607.1,78642.5,78587.2,78587.2,1.99533516,156807.803285952
1769909880,2026-02-01T01:38:00.0000000Z,BTC-USDT,78587.1,78618.9,78544.1,78552.3,2.16654069,170186.754243087
1769909940,2026-02-01T01:39:00.0000000Z,BTC-USDT,78553,78566,78506,78506.1,1.81644757,142602.214575177
1769910000,2026-02-01T01:40:00.0000000Z,BTC-USDT,78506.1,78530.1,78503,78529.9,1.09390014,85903.868604186
1769910060,2026-02-01T01:41:00.0000000Z,BTC-USDT,78525,78526,78389.1,78394,7.03935702,551843.35422588
1769910120,2026-02-01T01:42:00.0000000Z,BTC-USDT,78394.1,78450.9,78388,78388.1,5.1242755,401682.22032155
1769910180,2026-02-01T01:43:00.0000000Z,BTC-USDT,78388.1,78431,78372.7,78375.9,3.29792069,258477.502207371
1769910240,2026-02-01T01:44:00.0000000Z,BTC-USDT,78375.9,78407,78295,78345,6.25703151,490207.13365095
1769910300,2026-02-01T01:45:00.0000000Z,BTC-USDT,78343.1,78371.6,78334.9,78358.9,2.42210145,189793.205310405
1769910360,2026-02-01T01:46:00.0000000Z,BTC-USDT,78359,78366,78289.4,78329,13.5481065,1061209.6340385
1769910420,2026-02-01T01:47:00.0000000Z,BTC-USDT,78329.1,78396.5,78329.1,78354.1,3.98712483,312407.577642303
1769910480,2026-02-01T01:48:00.0000000Z,BTC-USDT,78354.1,78395.9,78352,78391.9,7.5335283,590567.59714077
1769910540,2026-02-01T01:49:00.0000000Z,BTC-USDT,78392,78480.9,78392,78480.9,4.94389304,388001.175282936
1769910600,2026-02-01T01:50:00.0000000Z,BTC-USDT,78480.8,78483.8,78427.7,78470,1.15744171,90824.45098370
1769910660,2026-02-01T01:51:00.0000000Z,BTC-USDT,78469.9,78510.8,78454,78510.8,1.64268119,128968.214371852
1769910720,2026-02-01T01:52:00.0000000Z,BTC-USDT,78510.2,78521,78470,78476.1,2.05647362,161384.029450482
1769910780,2026-02-01T01:53:00.0000000Z,BTC-USDT,78476.1,78512,78476,78496,1.93680919,152031.77417824
1769910840,2026-02-01T01:54:00.0000000Z,BTC-USDT,78496,78513.9,78478.9,78479,0.63996088,50223.48990152
1769910900,2026-02-01T01:55:00.0000000Z,BTC-USDT,78479,78530,78479,78483.4,2.5625052,201114.12061368
1769910960,2026-02-01T01:56:00.0000000Z,BTC-USDT,78483.5,78539.4,78483.5,78538,8.28767398,650897.33904124
1769911020,2026-02-01T01:57:00.0000000Z,BTC-USDT,78537.9,78547.3,78472.3,78495.1,4.90428893,384962.649989243
1769911080,2026-02-01T01:58:00.0000000Z,BTC-USDT,78495.2,78523.5,78492,78502,0.57653252,45258.95588504
1769911140,2026-02-01T01:59:00.0000000Z,BTC-USDT,78502.9,78538.4,78500,78531,1.39983016,109930.06229496
1769911200,2026-02-01T02:00:00.0000000Z,BTC-USDT,78531,78618,78531,78612,3.66106446,287803.59932952
1769911260,2026-02-01T02:01:00.0000000Z,BTC-USDT,78612,78612,78436,78436,3.97498555,311781.96659980
1769911320,2026-02-01T02:02:00.0000000Z,BTC-USDT,78432.2,78485.8,78426,78432.1,3.51147695,275412.511290095
1769911380,2026-02-01T02:03:00.0000000Z,BTC-USDT,78432,78432.1,78387.5,78394.3,4.56197798,357633.070357514
1769911440,2026-02-01T02:04:00.0000000Z,BTC-USDT,78394.3,78409,78378.2,78390,1.56263616,122495.04858240
1769911500,2026-02-01T02:05:00.0000000Z,BTC-USDT,78390,78450,78389.9,78450,1.00898231,79154.66221950
1769911560,2026-02-01T02:06:00.0000000Z,BTC-USDT,78450,78469,78410,78420.3,1.08036921,84722.877558963
1769911620,2026-02-01T02:07:00.0000000Z,BTC-USDT,78420.3,78420.3,78382,78417.9,1.57132297,123219.847529163
1769911680,2026-02-01T02:08:00.0000000Z,BTC-USDT,78417.9,78532.7,78417.9,78528.1,2.07222978,162728.267386818
1769911740,2026-02-01T02:09:00.0000000Z,BTC-USDT,78528,78577,78517,78577,1.23495177,97038.80523129
1769911800,2026-02-01T02:10:00.0000000Z,BTC-USDT,78577,78771.6,78577,78697.1,5.63663304,443586.674012184
1769911860,2026-02-01T02:11:00.0000000Z,BTC-USDT,78697.1,78746.9,78689.1,78715.7,3.8921041,306369.69870437
1769911920,2026-02-01T02:12:00.0000000Z,BTC-USDT,78715.1,78760.1,78701.9,78760.1,12.68869885,999363.190295885
1769911980,2026-02-01T02:13:00.0000000Z,BTC-USDT,78763,78783.9,78735,78757.8,3.13337218,246777.499478004
1769912040,2026-02-01T02:14:00.0000000Z,BTC-USDT,78757.1,78853,78757.1,78819.1,4.28409149,337668.235559459
1769912100,2026-02-01T02:15:00.0000000Z,BTC-USDT,78819,78873.3,78800.1,78850,3.91917185,309026.70037250
1769912160,2026-02-01T02:16:00.0000000Z,BTC-USDT,78849.9,78901.3,78823.1,78849,4.52186986,356544.91659114
1769912220,2026-02-01T02:17:00.0000000Z,BTC-USDT,78846.3,78846.3,78796,78796.2,4.47159771,352344.907476702
1769912280,2026-02-01T02:18:00.0000000Z,BTC-USDT,78796.2,78834.9,78773.8,78825,2.71055855,213659.77770375
1769912340,2026-02-01T02:19:00.0000000Z,BTC-USDT,78825,78850,78780,78789.6,2.07852368,163766.049337728
1769912400,2026-02-01T02:20:00.0000000Z,BTC-USDT,78787.9,78796,78642.1,78668.7,2.33656925,183814.865357475
1769912460,2026-02-01T02:21:00.0000000Z,BTC-USDT,78669.9,78669.9,78541,78548.1,6.15961174,483825.798914694
1769912520,2026-02-01T02:22:00.0000000Z,BTC-USDT,78548.1,78603,78533.7,78536.9,1.99307355,156529.818088995
1769912580,2026-02-01T02:23:00.0000000Z,BTC-USDT,78536.9,78552,78521.1,78536,0.96099904,75473.02060544
1769912640,2026-02-01T02:24:00.0000000Z,BTC-USDT,78536,78586,78535.9,78569,1.17923001,92650.92265569
1769912700,2026-02-01T02:25:00.0000000Z,BTC-USDT,78569,78627,78569,78584.9,1.22268162,96084.312839538
1769912760,2026-02-01T02:26:00.0000000Z,BTC-USDT,78585,78620.9,78552.8,78552.8,3.35435675,263494.114911400
1769912820,2026-02-01T02:27:00.0000000Z,BTC-USDT,78554.3,78582.9,78536,78565.9,1.64010465,128856.297921435
1769912880,2026-02-01T02:28:00.0000000Z,BTC-USDT,78565.9,78619,78561,78609,1.29987542,102181.90689078
1769912940,2026-02-01T02:29:00.0000000Z,BTC-USDT,78609,78630.9,78580.1,78630.9,1.09268644,85918.918194996
1769913000,2026-02-01T02:30:00.0000000Z,BTC-USDT,78630.9,78662.1,78623,78634.7,1.56145535,122784.573010645
1769913060,2026-02-01T02:31:00.0000000Z,BTC-USDT,78636.5,78702.9,78629,78702.9,1.25465408,98744.914592832
1769913120,2026-02-01T02:32:00.0000000Z,BTC-USDT,78703,78738.4,78702,78713.4,1.18315988,93130.536898392
1769913180,2026-02-01T02:33:00.0000000Z,BTC-USDT,78714.1,78731.5,78624.8,78624.9,3.25537004,255953.143857996
1769913240,2026-02-01T02:34:00.0000000Z,BTC-USDT,78624.9,78721,78611.1,78705.1,1.89166634,148883.788456334
1769913300,2026-02-01T02:35:00.0000000Z,BTC-USDT,78713,78764.4,78713,78752.1,9.21500188,725700.749553948
1769913360,2026-02-01T02:36:00.0000000Z,BTC-USDT,78752,78790.8,78685.4,78711.5,4.1871415,329576.18817725
1769913420,2026-02-01T02:37:00.0000000Z,BTC-USDT,78719.3,78797,78719.3,78797,2.16639286,170705.25818942
1769913480,2026-02-01T02:38:00.0000000Z,BTC-USDT,78797.3,78797.3,78738,78753.8,1.27957883,100771.695262054
1769913540,2026-02-01T02:39:00.0000000Z,BTC-USDT,78754,78817.6,78740.1,78772.5,0.74662272,58813.338211200
1769913600,2026-02-01T02:40:00.0000000Z,BTC-USDT,78772.6,78796,78742.3,78766.1,2.69797503,212508.971010483
1769913720,2026-02-01T02:42:00.0000000Z,BTC-USDT,78777.4,78811.6,78773,78784.1,1.61377436,127139.760555676
1769913780,2026-02-01T02:43:00.0000000Z,BTC-USDT,78784,78784,78700,78700.1,11.76886337,926210.724105337
1769913840,2026-02-01T02:44:00.0000000Z,BTC-USDT,78700,78782,78700,78752.1,1.25635386,98940.504818106
1769913900,2026-02-01T02:45:00.0000000Z,BTC-USDT,78752.1,78811.6,78747.1,78766.9,2.69893324,212586.604621756
1769913960,2026-02-01T02:46:00.0000000Z,BTC-USDT,78766.9,78848.5,78720.4,78848.5,11.81129866,931303.182393010
1769914020,2026-02-01T02:47:00.0000000Z,BTC-USDT,78848.5,78849.9,78818.1,78836.4,1.64066619,129344.216021316
1769914080,2026-02-01T02:48:00.0000000Z,BTC-USDT,78836.5,78865.8,78836.5,78859,0.8744381,68957.3141279
1769914140,2026-02-01T02:49:00.0000000Z,BTC-USDT,78859,78866.7,78832.1,78860.1,1.02096281,80513.229292881
1769914200,2026-02-01T02:50:00.0000000Z,BTC-USDT,78860,78886.6,78839.6,78879.1,4.2888144,338297.81993904
1769914260,2026-02-01T02:51:00.0000000Z,BTC-USDT,78879,78879,78800,78836.6,2.80446647,221094.601308802
1769914320,2026-02-01T02:52:00.0000000Z,BTC-USDT,78838.6,78946.3,78838.5,78899.9,6.19902697,489102.608030303
1769914380,2026-02-01T02:53:00.0000000Z,BTC-USDT,78899.9,78989.4,78885,78989.3,1.47154128,116236.015628304
1769914440,2026-02-01T02:54:00.0000000Z,BTC-USDT,78989.4,79032.9,78975,79032.9,3.81034192,301142.371929168
1769914500,2026-02-01T02:55:00.0000000Z,BTC-USDT,79032.8,79058.9,78935.1,78965.1,7.08822724,559722.572829324
1769914560,2026-02-01T02:56:00.0000000Z,BTC-USDT,78965,78994,78948,78994,2.63109959,207841.08101246
1769914620,2026-02-01T02:57:00.0000000Z,BTC-USDT,78993.9,79000,78955.1,78990,2.6130819,206407.3392810
1769914680,2026-02-01T02:58:00.0000000Z,BTC-USDT,78991.9,78992,78891,78903.9,3.23261759,255066.135059601
1769914740,2026-02-01T02:59:00.0000000Z,BTC-USDT,78904,78964,78899.2,78902.1,0.84002691,66279.887255511
1769914800,2026-02-01T03:00:00.0000000Z,BTC-USDT,78902.1,78984.9,78902,78931,1.59372131,125794.01671961
1769914860,2026-02-01T03:01:00.0000000Z,BTC-USDT,78931,78980.5,78920.7,78980,2.27353089,179563.46969220
1769914920,2026-02-01T03:02:00.0000000Z,BTC-USDT,78981,79003.5,78975.1,78988,5.60166812,442464.56146256
1769914980,2026-02-01T03:03:00.0000000Z,BTC-USDT,78988,78988,78902.3,78902.3,0.81969992,64676.208997816
1769915040,2026-02-01T03:04:00.0000000Z,BTC-USDT,78902.2,78902.2,78793,78794,2.70067162,212796.71962628
1769915100,2026-02-01T03:05:00.0000000Z,BTC-USDT,78793,78840.2,78765,78787.7,7.85509142,618884.586271534
1769915160,2026-02-01T03:06:00.0000000Z,BTC-USDT,78787.7,78812.9,78765.7,78765.8,1.60063257,126075.104882106
1769915220,2026-02-01T03:07:00.0000000Z,BTC-USDT,78766,78795,78747.7,78757.8,0.94207589,74195.824529442
1769915280,2026-02-01T03:08:00.0000000Z,BTC-USDT,78756,78809.9,78747.7,78790,0.47370562,37323.26579980
1769915340,2026-02-01T03:09:00.0000000Z,BTC-USDT,78789,78920.3,78782,78892.1,1.22721459,96817.536155739
1769915400,2026-02-01T03:10:00.0000000Z,BTC-USDT,78892,78892,78866.2,78877,1.65117596,130239.80619692
1769915460,2026-02-01T03:11:00.0000000Z,BTC-USDT,78877.9,78944.1,78877.9,78885,1.2577225,99215.4394125
1769915520,2026-02-01T03:12:00.0000000Z,BTC-USDT,78885,78891.4,78870,78878.1,0.56427852,44509.217528412
1769915580,2026-02-01T03:13:00.0000000Z,BTC-USDT,78878.1,78886,78821,78821,0.8085426,63730.1362746
1769915640,2026-02-01T03:14:00.0000000Z,BTC-USDT,78821.1,78882,78821.1,78874.1,3.89038621,306850.710966161
1769915700,2026-02-01T03:15:00.0000000Z,BTC-USDT,78874.1,78898.7,78868.5,78869.1,3.34106929,263507.127939939
1769915760,2026-02-01T03:16:00.0000000Z,BTC-USDT,78869,78869,78801,78801,2.05558118,161981.85256518
1769915820,2026-02-01T03:17:00.0000000Z,BTC-USDT,78801.2,78820.4,78751.4,78785,2.0733229,163346.7446765
1769915880,2026-02-01T03:18:00.0000000Z,BTC-USDT,78784.9,78784.9,78723.1,78783,1.77021153,139462.57496799
1769915940,2026-02-01T03:19:00.0000000Z,BTC-USDT,78783.1,78798.9,78703.5,78703.6,1.33306652,104917.134163472
1769916000,2026-02-01T03:20:00.0000000Z,BTC-USDT,78703.6,78785.4,78703.1,78779.1,1.11357026,87726.062869566
1769916060,2026-02-01T03:21:00.0000000Z,BTC-USDT,78779,78802,78768,78795.5,2.67216595,210554.652113225
1769916120,2026-02-01T03:22:00.0000000Z,BTC-USDT,78794.1,78799.9,78720.1,78723.6,1.6949877,133435.53369972
1769916180,2026-02-01T03:23:00.0000000Z,BTC-USDT,78727.9,78743,78674,78698,3.13959819,247080.09835662
1769916240,2026-02-01T03:24:00.0000000Z,BTC-USDT,78698,78746,78697.9,78746,0.66492551,52360.22421046
1769916300,2026-02-01T03:25:00.0000000Z,BTC-USDT,78746,78795,78712,78719.9,1.65411977,130212.142882423
1769916360,2026-02-01T03:26:00.0000000Z,BTC-USDT,78723.5,78770.9,78723.5,78770.9,1.01500388,79952.769131092
1769916420,2026-02-01T03:27:00.0000000Z,BTC-USDT,78771.7,78794,78765.7,78769.1,1.18440235,93294.307147385
1769916480,2026-02-01T03:28:00.0000000Z,BTC-USDT,78769,78790.4,78754.9,78767.5,0.54775073,43144.955625275
1769916540,2026-02-01T03:29:00.0000000Z,BTC-USDT,78767.5,78799.5,78744.1,78744.1,1.37852808,108550.952984328
1769916600,2026-02-01T03:30:00.0000000Z,BTC-USDT,78744.1,78798,78744.1,78793,0.71536756,56365.95615508
1769916660,2026-02-01T03:31:00.0000000Z,BTC-USDT,78793.1,78793.1,78720,78720,1.18563335,93333.05731200
1769916720,2026-02-01T03:32:00.0000000Z,BTC-USDT,78720,78720,78683.7,78708.1,1.90833135,150201.134728935
1769916780,2026-02-01T03:33:00.0000000Z,BTC-USDT,78708.1,78785.5,78708.1,78765.6,2.30697531,181710.294477336
1769916840,2026-02-01T03:34:00.0000000Z,BTC-USDT,78765.6,78767.6,78739.9,78740.1,1.04476126,82264.606088526
1769916900,2026-02-01T03:35:00.0000000Z,BTC-USDT,78740.1,78740.1,78707.1,78715.7,1.82286084,143487.767023188
1769916960,2026-02-01T03:36:00.0000000Z,BTC-USDT,78716,78747,78707.1,78725.9,0.77143318,60731.771385362
1769917020,2026-02-01T03:37:00.0000000Z,BTC-USDT,78724.1,78743.7,78717.4,78736.9,1.18184235,93054.602927715
1769917080,2026-02-01T03:38:00.0000000Z,BTC-USDT,78737,78755,78737,78745,0.5104343,40194.1489535
1769917140,2026-02-01T03:39:00.0000000Z,BTC-USDT,78745.1,78783.9,78745.1,78776.1,1.52778726,120353.121972486
1769917200,2026-02-01T03:40:00.0000000Z,BTC-USDT,78776,78776.5,78744.1,78776.3,3.50906379,276431.061840177
1769917260,2026-02-01T03:41:00.0000000Z,BTC-USDT,78776.3,78813.3,78772,78810,4.32040404,340491.04239240
1769917320,2026-02-01T03:42:00.0000000Z,BTC-USDT,78811.7,78850,78811.7,78850,1.79661682,141663.23625700
1769917380,2026-02-01T03:43:00.0000000Z,BTC-USDT,78850.1,78860.6,78704.6,78704.6,15.33953787,1207292.192243202
1769917440,2026-02-01T03:44:00.0000000Z,BTC-USDT,78707.2,78741.9,78695.8,78727.1,6.3288839,498254.67568369
1769917500,2026-02-01T03:45:00.0000000Z,BTC-USDT,78731.7,78762,78731.7,78762,0.94658681,74555.07032922
1769917560,2026-02-01T03:46:00.0000000Z,BTC-USDT,78761.9,78792,78761.9,78771.7,1.07599373,84757.855301441
1769917620,2026-02-01T03:47:00.0000000Z,BTC-USDT,78773,78825,78764.1,78824.9,1.88425307,148526.059817443
1769917680,2026-02-01T03:48:00.0000000Z,BTC-USDT,78824.9,78875.8,78821.4,78844.6,1.01139428,79742.977448888
1769917740,2026-02-01T03:49:00.0000000Z,BTC-USDT,78843.8,78880.6,78803.3,78872.3,2.24248826,176870.206789198
1769917800,2026-02-01T03:50:00.0000000Z,BTC-USDT,78872.3,78880.6,78864,78879,0.81293593,64123.57322247
1769917860,2026-02-01T03:51:00.0000000Z,BTC-USDT,78876.9,78920.8,78864.1,78901.9,6.05232584,477540.008195096
1769917920,2026-02-01T03:52:00.0000000Z,BTC-USDT,78901.9,78916,78878.1,78904,1.64045374,129438.36190096
1769917980,2026-02-01T03:53:00.0000000Z,BTC-USDT,78904,78904,78868,78873.9,1.29163578,101876.351348142
1769918040,2026-02-01T03:54:00.0000000Z,BTC-USDT,78874,78893.4,78822.1,78865,6.20030606,488987.13742190
1769918100,2026-02-01T03:55:00.0000000Z,BTC-USDT,78866,78889.8,78818.1,78834,1.93024134,152168.64579756
1769918160,2026-02-01T03:56:00.0000000Z,BTC-USDT,78834,78850,78833.9,78850,0.37699248,29725.85704800
1769918220,2026-02-01T03:57:00.0000000Z,BTC-USDT,78850,78881,78849.9,78875.9,0.670767,52907.3508153
1769918280,2026-02-01T03:58:00.0000000Z,BTC-USDT,78876,78899.5,78847,78884.1,0.99331275,78356.582302275
1769918340,2026-02-01T03:59:00.0000000Z,BTC-USDT,78884.1,78884.2,78858,78864.1,2.70532756,213353.223224596
1769918400,2026-02-01T04:00:00.0000000Z,BTC-USDT,78864.1,78873.2,78845,78845.1,3.05856358,241152.751321458
1769918460,2026-02-01T04:01:00.0000000Z,BTC-USDT,78845.1,78845.1,78828.9,78840.1,1.31444431,103630.920844831
1769918520,2026-02-01T04:02:00.0000000Z,BTC-USDT,78840,78860.5,78800,78800,4.67041232,368028.49081600
1769918580,2026-02-01T04:03:00.0000000Z,BTC-USDT,78800,78816,78800,78806,2.83053771,223063.35477426
1769918640,2026-02-01T04:04:00.0000000Z,BTC-USDT,78806,78810.2,78773,78773.1,2.71044157,213509.884837767
1769918700,2026-02-01T04:05:00.0000000Z,BTC-USDT,78773,78782,78727.1,78729,2.51193524,197762.14950996
1769918760,2026-02-01T04:06:00.0000000Z,BTC-USDT,78727.7,78784.9,78727.6,78784.9,1.86038142,146569.964136558
1769918820,2026-02-01T04:07:00.0000000Z,BTC-USDT,78784.9,78784.9,78736,78738,1.69090749,133138.67394762
1769918880,2026-02-01T04:08:00.0000000Z,BTC-USDT,78737.9,78761.9,78732.1,78744,1.26143763,99330.64473672
1769918940,2026-02-01T04:09:00.0000000Z,BTC-USDT,78743.9,78813,78743.9,78812.9,2.48660043,195976.191029547
1769919000,2026-02-01T04:10:00.0000000Z,BTC-USDT,78813,78872.9,78813,78855,1.20660455,95146.80179025
1769919060,2026-02-01T04:11:00.0000000Z,BTC-USDT,78855,78916.2,78846,78906.1,2.53162081,199760.324795941
1769919120,2026-02-01T04:12:00.0000000Z,BTC-USDT,78905.9,79007,78893.1,79000.1,37.85012906,2990163.980752906
1769919180,2026-02-01T04:13:00.0000000Z,BTC-USDT,79000.1,79000.1,78980,78980,0.75440025,59582.53174500
1769919240,2026-02-01T04:14:00.0000000Z,BTC-USDT,78980,78980,78944,78974,1.80955247,142907.59676578
1769919300,2026-02-01T04:15:00.0000000Z,BTC-USDT,78974,78979.9,78956,78978,1.80517242,142568.90738676
1769919360,2026-02-01T04:16:00.0000000Z,BTC-USDT,78978,78983.2,78935,78981.7,12.47439672,985249.059420024
1769919420,2026-02-01T04:17:00.0000000Z,BTC-USDT,78982.9,79084.5,78982.9,79049.7,5.86590556,463698.074746332
1769919480,2026-02-01T04:18:00.0000000Z,BTC-USDT,79049.7,79062.5,79018,79020.1,9.52301685,752509.743788685
1769919540,2026-02-01T04:19:00.0000000Z,BTC-USDT,79020.1,79094.7,79003.1,79091.4,5.03362137,398116.161223218
1769919600,2026-02-01T04:20:00.0000000Z,BTC-USDT,79091.4,79116,79034.1,79054.3,8.74587721,691399.200722503
1769919660,2026-02-01T04:21:00.0000000Z,BTC-USDT,79054.1,79054.1,79000,79000,9.24365315,730248.59885000
1769919720,2026-02-01T04:22:00.0000000Z,BTC-USDT,79000.1,79016.6,78984,78987.1,11.67879518,922474.162762178
1769919780,2026-02-01T04:23:00.0000000Z,BTC-USDT,78987.1,79044.1,78974.1,79032,6.08268694,480726.91424208
1769919840,2026-02-01T04:24:00.0000000Z,BTC-USDT,79031.9,79031.9,78995.1,79000.1,7.56713515,597804.433563515
1769919900,2026-02-01T04:25:00.0000000Z,BTC-USDT,79000.1,79000.1,78919,78932.3,0.8043248,63487.20641104
1769919960,2026-02-01T04:26:00.0000000Z,BTC-USDT,78932.3,78960,78917.1,78942.5,1.21402122,95837.870159850
1769920020,2026-02-01T04:27:00.0000000Z,BTC-USDT,78942.5,78950,78928.1,78928.1,1.58374494,125001.978998814
1769920080,2026-02-01T04:28:00.0000000Z,BTC-USDT,78928.1,78933.6,78920,78920.1,1.12821319,89038.697776119
1769920140,2026-02-01T04:29:00.0000000Z,BTC-USDT,78920,78939,78900,78939,3.08075064,243191.37477096
1769920200,2026-02-01T04:30:00.0000000Z,BTC-USDT,78938.9,78992,78938,78957.1,2.05367281,162152.049426451
1769920260,2026-02-01T04:31:00.0000000Z,BTC-USDT,78957.1,78986,78920,78920,2.87071533,226556.85384360
1769920320,2026-02-01T04:32:00.0000000Z,BTC-USDT,78920,79014.9,78917.1,79004.1,3.8710511,305828.90820951
1769920380,2026-02-01T04:33:00.0000000Z,BTC-USDT,79004,79004.1,78928.5,78928.5,11.57505933,913602.070327905
1769920440,2026-02-01T04:34:00.0000000Z,BTC-USDT,78928,78970.4,78920,78962,1.12630221,88935.07510602
1769920500,2026-02-01T04:35:00.0000000Z,BTC-USDT,78962.1,78997.5,78944.5,78956.4,2.55064946,201390.099023544
1769920560,2026-02-01T04:36:00.0000000Z,BTC-USDT,78956.3,78956.3,78933,78942.9,0.60538242,47790.643843818
1769920620,2026-02-01T04:37:00.0000000Z,BTC-USDT,78942.8,78942.8,78912,78920,0.70294425,55476.36021000
1769920680,2026-02-01T04:38:00.0000000Z,BTC-USDT,78920.1,78975.1,78920.1,78975,1.71038092,135077.33315700
1769920740,2026-02-01T04:39:00.0000000Z,BTC-USDT,78975.1,79012.4,78975.1,78982.1,0.88117463,69597.022744123
1769920800,2026-02-01T04:40:00.0000000Z,BTC-USDT,78982,78994,78967,78992.1,0.5826222,46022.55108462
1769920860,2026-02-01T04:41:00.0000000Z,BTC-USDT,78992.1,79010.1,78975.5,78975.9,2.12610111,167910.748653249
1769920920,2026-02-01T04:42:00.0000000Z,BTC-USDT,78976,78994,78973.5,78994,3.0370427,239908.1510438
1769920980,2026-02-01T04:43:00.0000000Z,BTC-USDT,78994,78994,78976,78978.3,3.63629387,287188.308153021
1769921040,2026-02-01T04:44:00.0000000Z,BTC-USDT,78978.4,79015,78978.3,79012.9,0.54630585,43165.209495465
1769921100,2026-02-01T04:45:00.0000000Z,BTC-USDT,79012.9,79036.7,79005.7,79005.7,3.20972408,253586.497747256
1769921160,2026-02-01T04:46:00.0000000Z,BTC-USDT,79005.8,79037.9,79005.8,79037.9,0.95549517,75520.331696943
1769921220,2026-02-01T04:47:00.0000000Z,BTC-USDT,79037.9,79058.1,79037.8,79038,1.35203158,106861.87202004
1769921280,2026-02-01T04:48:00.0000000Z,BTC-USDT,79037.9,79056.6,78977.1,78983.3,5.1148771,403989.87245243
1769921340,2026-02-01T04:49:00.0000000Z,BTC-USDT,78985.9,79042,78985.9,79002.1,3.8051958,300618.45911118
1769921400,2026-02-01T04:50:00.0000000Z,BTC-USDT,79002.1,79002.1,78980,78988.4,0.4245202,33532.17136568
1769921460,2026-02-01T04:51:00.0000000Z,BTC-USDT,78988.3,79039.9,78988.3,79000,1.42929795,112914.53805000
1769921520,2026-02-01T04:52:00.0000000Z,BTC-USDT,78999.2,79039,78999.2,79026.1,0.73757307,58287.523187127
1769921580,2026-02-01T04:53:00.0000000Z,BTC-USDT,79026.1,79033.5,79017,79017,1.44783217,114403.35457689
1769921640,2026-02-01T04:54:00.0000000Z,BTC-USDT,79017,79033.5,79012,79033.5,0.52328519,41357.060063865
1769921700,2026-02-01T04:55:00.0000000Z,BTC-USDT,79033.4,79034,79031,79031.1,0.16645779,13155.342247269
1769921760,2026-02-01T04:56:00.0000000Z,BTC-USDT,79031.1,79033,79018,79018.1,2.62935342,207766.511476902
1769921820,2026-02-01T04:57:00.0000000Z,BTC-USDT,79018.1,79041.5,79018.1,79032.8,2.22479154,175831.504822512
1769921880,2026-02-01T04:58:00.0000000Z,BTC-USDT,79032.9,79032.9,79028,79031.9,1.39314861,110103.181630659
1769921940,2026-02-01T04:59:00.0000000Z,BTC-USDT,79031.9,79031.9,78970,78972,3.94814198,311792.66844456
1769922000,2026-02-01T05:00:00.0000000Z,BTC-USDT,78976.9,79003,78976.9,78985.9,2.25128755,177819.973295545
1769922060,2026-02-01T05:01:00.0000000Z,BTC-USDT,78985.8,79006,78920,78920,1.59491544,125870.72652480
1769922120,2026-02-01T05:02:00.0000000Z,BTC-USDT,78920,78920,78784.2,78788.9,7.64559438,602387.971046382
1769922180,2026-02-01T05:03:00.0000000Z,BTC-USDT,78786.1,78829.9,78779.7,78828.1,3.80687277,300088.547400837
1769922240,2026-02-01T05:04:00.0000000Z,BTC-USDT,78830,78864.8,78810.1,78810.1,2.59217572,204289.627710772
1769922300,2026-02-01T05:05:00.0000000Z,BTC-USDT,78810,78884.6,78810,78883.1,3.52236959,277855.432604929
1769922360,2026-02-01T05:06:00.0000000Z,BTC-USDT,78883,78883,78779.8,78785,7.93242497,624956.10126145
1769922420,2026-02-01T05:07:00.0000000Z,BTC-USDT,78784.9,78789.2,78763.4,78773,12.02104181,946933.52649913
1769922480,2026-02-01T05:08:00.0000000Z,BTC-USDT,78773,78779,78740,78773.1,9.64114363,759462.771280353
1769922540,2026-02-01T05:09:00.0000000Z,BTC-USDT,78773.1,78773.1,78752.2,78764.1,1.14051745,89831.830483545
1769922600,2026-02-01T05:10:00.0000000Z,BTC-USDT,78764.1,78787.5,78764.1,78787.5,2.75676963,217198.987223625
1769922660,2026-02-01T05:11:00.0000000Z,BTC-USDT,78787.5,78894.6,78734.3,78753.5,51.18881442,4031298.296425470
1769922720,2026-02-01T05:12:00.0000000Z,BTC-USDT,78753.6,78780,78753.6,78779.9,4.46552184,351793.364003016
1769922780,2026-02-01T05:13:00.0000000Z,BTC-USDT,78780,78794.6,78779.9,78780.1,5.23673588,412550.576299988
1769922840,2026-02-01T05:14:00.0000000Z,BTC-USDT,78780,78844.5,78756,78844.4,19.24804605,1517600.641984620
1769922900,2026-02-01T05:15:00.0000000Z,BTC-USDT,78844.5,78926,78834.1,78855.5,11.19787684,883014.177156620
1769922960,2026-02-01T05:16:00.0000000Z,BTC-USDT,78855.5,78863.6,78795.3,78796,4.30664768,339346.61059328
1769923020,2026-02-01T05:17:00.0000000Z,BTC-USDT,78796,78816.1,78796,78800.1,1.42804352,112529.972180352
1769923080,2026-02-01T05:18:00.0000000Z,BTC-USDT,78800,78805.3,78800,78805.3,1.00939666,79545.806610298
1769923140,2026-02-01T05:19:00.0000000Z,BTC-USDT,78805.2,78811.4,78805,78805.2,2.6699006,210402.05076312
1769923200,2026-02-01T05:20:00.0000000Z,BTC-USDT,78805.3,78805.3,78738.7,78738.8,3.21998398,253537.674604424
1769923260,2026-02-01T05:21:00.0000000Z,BTC-USDT,78738.8,78769.8,78727,78736,2.73108622,215034.80461792
1769923320,2026-02-01T05:22:00.0000000Z,BTC-USDT,78736,78765.2,78736,78762.1,1.95062828,153635.579652188
1769923380,2026-02-01T05:23:00.0000000Z,BTC-USDT,78762.1,78868,78762.1,78868,3.77762017,297933.34756756
1769923440,2026-02-01T05:24:00.0000000Z,BTC-USDT,78868,78906.9,78868,78900,3.55021372,280111.86250800
1769923500,2026-02-01T05:25:00.0000000Z,BTC-USDT,78900.1,78909.2,78852.1,78852.1,2.32862577,183617.032078617
1769923560,2026-02-01T05:26:00.0000000Z,BTC-USDT,78852,78922.4,78850,78922.3,4.10963385,324341.755599855
1769923620,2026-02-01T05:27:00.0000000Z,BTC-USDT,78922.3,78949,78922.3,78942.8,4.49915113,355175.587825364
1769923680,2026-02-01T05:28:00.0000000Z,BTC-USDT,78942.8,78968.9,78931,78963,11.49360633,907569.63663579
1769923740,2026-02-01T05:29:00.0000000Z,BTC-USDT,78963,78978,78926.1,78937.8,8.56284707,675932.309442246
1769923800,2026-02-01T05:30:00.0000000Z,BTC-USDT,78937.9,78942.9,78904.1,78904.1,3.6974463,291743.67259983
1769923860,2026-02-01T05:31:00.0000000Z,BTC-USDT,78904.1,78911,78886.6,78886.7,4.24280939,334701.231506113
1769923920,2026-02-01T05:32:00.0000000Z,BTC-USDT,78886.6,78886.6,78836.7,78842.9,3.90779548,308101.928250092
1769923980,2026-02-01T05:33:00.0000000Z,BTC-USDT,78843,78876.9,78843,78849.4,2.97678692,234717.862569848
1769924040,2026-02-01T05:34:00.0000000Z,BTC-USDT,78849.4,78872.7,78849.4,78851.1,1.85876385,146565.574212735
1769924100,2026-02-01T05:35:00.0000000Z,BTC-USDT,78851.1,78871,78827,78827,5.12211028,403760.58704156
1769924160,2026-02-01T05:36:00.0000000Z,BTC-USDT,78827.1,78832.9,78772.5,78772.5,5.4136601,426447.54022725
1769924220,2026-02-01T05:37:00.0000000Z,BTC-USDT,78772.6,78791.4,78746.7,78746.8,8.12477124,639799.735882032
1769924280,2026-02-01T05:38:00.0000000Z,BTC-USDT,78746.8,78758.5,78742.1,78742.2,3.34825893,263649.274317846
1769924340,2026-02-01T05:39:00.0000000Z,BTC-USDT,78742.1,78742.2,78700,78700.1,2.76090952,217283.855314952
1769924400,2026-02-01T05:40:00.0000000Z,BTC-USDT,78700.1,78719.9,78700,78716.5,2.50590245,197255.870205425
1769924460,2026-02-01T05:41:00.0000000Z,BTC-USDT,78716.5,78716.5,78696.5,78696.5,8.76386363,689685.394158295
1769924520,2026-02-01T05:42:00.0000000Z,BTC-USDT,78696.5,78696.5,78688,78688,0.46348796,36470.94059648
1769924580,2026-02-01T05:43:00.0000000Z,BTC-USDT,78688,78695,78635,78660.6,5.93331332,466717.985739192
1769924640,2026-02-01T05:44:00.0000000Z,BTC-USDT,78660.6,78671,78530.8,78576,12.38799574,973399.15326624
1769924700,2026-02-01T05:45:00.0000000Z,BTC-USDT,78576,78640.6,78576,78595,5.74019536,451150.65431920
1769924760,2026-02-01T05:46:00.0000000Z,BTC-USDT,78594.9,78650,78589.8,78650,7.31543125,575358.66781250
1769924820,2026-02-01T05:47:00.0000000Z,BTC-USDT,78650,78650,78623,78628.8,11.87962662,934080.785578656
1769924880,2026-02-01T05:48:00.0000000Z,BTC-USDT,78628.8,78628.8,78605.3,78608,1.59149001,125103.84670608
1769924940,2026-02-01T05:49:00.0000000Z,BTC-USDT,78608.1,78608.1,78537,78555,4.69994674,369204.31616070
1769925000,2026-02-01T05:50:00.0000000Z,BTC-USDT,78554.1,78612,78525.2,78612,9.19275269,722660.67446628
1769925060,2026-02-01T05:51:00.0000000Z,BTC-USDT,78611.9,78611.9,78553,78585.9,2.92391291,229778.327553969
1769925120,2026-02-01T05:52:00.0000000Z,BTC-USDT,78584.1,78635.7,78578.1,78635.7,4.05122672,318571.048985904
1769925180,2026-02-01T05:53:00.0000000Z,BTC-USDT,78635.6,78635.6,78557.1,78575.7,5.42536363,426301.744981791
1769925240,2026-02-01T05:54:00.0000000Z,BTC-USDT,78575.7,78601,78566,78566,3.20128209,251511.92868294
1769925300,2026-02-01T05:55:00.0000000Z,BTC-USDT,78566.1,78617,78566.1,78601.8,3.14068092,246863.173537656
1769925360,2026-02-01T05:56:00.0000000Z,BTC-USDT,78601.8,78606,78585,78589,1.66169541,130590.98057649
1769925420,2026-02-01T05:57:00.0000000Z,BTC-USDT,78589.1,78626.6,78587,78587.1,3.02779248,237945.430405008
1769925480,2026-02-01T05:58:00.0000000Z,BTC-USDT,78587.1,78612.8,78583,78583.1,1.17765314,92543.634465934
1769925540,2026-02-01T05:59:00.0000000Z,BTC-USDT,78583.1,78611.4,78583.1,78611.4,2.61405572,205494.579827208
1769925600,2026-02-01T06:00:00.0000000Z,BTC-USDT,78611.5,78660,78611.5,78655.7,7.84170878,616795.093287046
1769925660,2026-02-01T06:01:00.0000000Z,BTC-USDT,78655.7,78676,78630,78630.1,3.66660535,288305.545331035
1769925720,2026-02-01T06:02:00.0000000Z,BTC-USDT,78630.1,78670,78630.1,78660.1,2.74392788,215837.641433588
1769925780,2026-02-01T06:03:00.0000000Z,BTC-USDT,78660.1,78660.1,78625.2,78625.2,2.08268873,163751.817933996
1769925840,2026-02-01T06:04:00.0000000Z,BTC-USDT,78625.1,78625.1,78601.1,78609.3,2.96423017,233016.058702581
1769925900,2026-02-01T06:05:00.0000000Z,BTC-USDT,78609.3,78637.5,78603.7,78620.1,3.6924872,290303.71291272
1769925960,2026-02-01T06:06:00.0000000Z,BTC-USDT,78620.1,78654,78614,78637.1,3.20588379,252101.404182609
1769926020,2026-02-01T06:07:00.0000000Z,BTC-USDT,78637.1,78665.9,78626.8,78626.8,9.02842524,709876.185660432
1769926080,2026-02-01T06:08:00.0000000Z,BTC-USDT,78626.9,78637,78618.1,78618.1,0.80040521,62926.336840301
1769926140,2026-02-01T06:09:00.0000000Z,BTC-USDT,78618.2,78672.5,78618.2,78655.9,2.4016371,188902.92757389
1769926200,2026-02-01T06:10:00.0000000Z,BTC-USDT,78655.9,78655.9,78636.7,78646.2,2.12691872,167274.075036864
1769926260,2026-02-01T06:11:00.0000000Z,BTC-USDT,78646.2,78652.1,78615.5,78646.9,12.16805164,956979.540525916
1769926320,2026-02-01T06:12:00.0000000Z,BTC-USDT,78646.9,78670.5,78646.9,78668.1,1.32948589,104588.128943109
1769926380,2026-02-01T06:13:00.0000000Z,BTC-USDT,78668.1,78706.5,78668.1,78681.3,5.84344596,459769.924612548
1769926440,2026-02-01T06:14:00.0000000Z,BTC-USDT,78681.2,78698,78681.2,78698,2.82879608,222620.59390384
1769926500,2026-02-01T06:15:00.0000000Z,BTC-USDT,78698,78707.8,78698,78707.8,1.77310523,139557.211821794
1769926560,2026-02-01T06:16:00.0000000Z,BTC-USDT,78707.8,78721.5,78706.7,78706.8,2.25751783,177682.004342244
1769926620,2026-02-01T06:17:00.0000000Z,BTC-USDT,78706.8,78707,78700,78707,2.22017576,174743.37354232
1769926680,2026-02-01T06:18:00.0000000Z,BTC-USDT,78706.9,78714.2,78695.8,78695.8,1.44598257,113792.755132206
1769926740,2026-02-01T06:19:00.0000000Z,BTC-USDT,78695.8,78707.6,78695.8,78707.5,1.76346815,138798.169416125
1769926800,2026-02-01T06:20:00.0000000Z,BTC-USDT,78707.5,78721.9,78707.5,78721.9,2.72511579,214526.292708801
1769926860,2026-02-01T06:21:00.0000000Z,BTC-USDT,78721.8,78728,78715.4,78727.9,2.66573702,209867.877536858
1769926920,2026-02-01T06:22:00.0000000Z,BTC-USDT,78728,78793.4,78728,78736.5,6.88381165,542007.235980225
1769926980,2026-02-01T06:23:00.0000000Z,BTC-USDT,78736.5,78747,78727.8,78747,3.18312443,250661.49948921
1769927040,2026-02-01T06:24:00.0000000Z,BTC-USDT,78747,78799,78735,78735.1,4.17423028,328658.438518828
1769927100,2026-02-01T06:25:00.0000000Z,BTC-USDT,78735.1,78793.3,78735.1,78791.4,2.61575498,206098.996931172
1769927160,2026-02-01T06:26:00.0000000Z,BTC-USDT,78791.5,78819.8,78741,78741,4.88744138,384842.02170258
1769927220,2026-02-01T06:27:00.0000000Z,BTC-USDT,78741.1,78741.1,78716,78731.9,4.55646533,358739.172715027
1769927280,2026-02-01T06:28:00.0000000Z,BTC-USDT,78732,78747.3,78689,78689,1.95741791,154027.25791999
1769927340,2026-02-01T06:29:00.0000000Z,BTC-USDT,78689,78740,78689,78708.8,2.21929367,174677.941613296
1769927400,2026-02-01T06:30:00.0000000Z,BTC-USDT,78708.7,78769,78708.7,78769,1.93158275,152148.84163475
1769927460,2026-02-01T06:31:00.0000000Z,BTC-USDT,78768.9,78790.2,78760,78775.1,1.66365104,131054.277041104
1769927520,2026-02-01T06:32:00.0000000Z,BTC-USDT,78775.1,78775.1,78755,78765.5,1.56447408,123226.583148240
1769927580,2026-02-01T06:33:00.0000000Z,BTC-USDT,78765.6,78788,78726,78726,2.23988769,176337.39828294
1769927640,2026-02-01T06:34:00.0000000Z,BTC-USDT,78724.5,78724.5,78692.1,78699.4,2.10559066,165708.721587604
1769927700,2026-02-01T06:35:00.0000000Z,BTC-USDT,78699.1,78720,78699.1,78704.5,2.03212078,159937.049929510
1769927760,2026-02-01T06:36:00.0000000Z,BTC-USDT,78704.5,78704.5,78603.8,78603.9,52.92050808,4159758.325069512
1769927820,2026-02-01T06:37:00.0000000Z,BTC-USDT,78603.9,78611.9,78503,78503,33.15811322,2603011.36210966
1769927880,2026-02-01T06:38:00.0000000Z,BTC-USDT,78502.8,78518,78405.8,78425.9,7.55796506,592740.211999054
1769927940,2026-02-01T06:39:00.0000000Z,BTC-USDT,78426,78516,78426,78516,4.7729217,374750.7201972
1769928000,2026-02-01T06:40:00.0000000Z,BTC-USDT,78516,78601,78516,78539.8,2.65213008,208297.766057184
1769928060,2026-02-01T06:41:00.0000000Z,BTC-USDT,78542,78582.2,78530.1,78537.9,4.1392337,325086.72240723
1769928120,2026-02-01T06:42:00.0000000Z,BTC-USDT,78537.9,78586.9,78533.8,78541.1,1.4311337,112402.81504507
1769928180,2026-02-01T06:43:00.0000000Z,BTC-USDT,78541.1,78583,78520.2,78578,1.09310078,85893.67309084
1769928240,2026-02-01T06:44:00.0000000Z,BTC-USDT,78578,78588.9,78527,78527.1,6.57024899,515942.599462629
1769928300,2026-02-01T06:45:00.0000000Z,BTC-USDT,78523.5,78523.5,78470.1,78482.1,1.93519201,151877.932848021
1769928360,2026-02-01T06:46:00.0000000Z,BTC-USDT,78482,78520,78443,78467,2.09914075,164713.27723025
1769928420,2026-02-01T06:47:00.0000000Z,BTC-USDT,78467,78467,78371.1,78375.3,9.98732759,782759.796064527
1769928480,2026-02-01T06:48:00.0000000Z,BTC-USDT,78375.9,78477.9,78312.8,78396.5,6.45852862,506326.038957830
1769928540,2026-02-01T06:49:00.0000000Z,BTC-USDT,78394.5,78406.9,78314.1,78316.1,5.12885092,401671.601535812
1769928600,2026-02-01T06:50:00.0000000Z,BTC-USDT,78316.2,78337,78273.2,78282.2,6.0712534,475271.07290948
1769928660,2026-02-01T06:51:00.0000000Z,BTC-USDT,78282.2,78385,78267.1,78287.1,4.94248023,386932.444014033
1769928720,2026-02-01T06:52:00.0000000Z,BTC-USDT,78291.2,78369,78274.1,78339,9.22001054,722286.40569306
1769928780,2026-02-01T06:53:00.0000000Z,BTC-USDT,78337.1,78359.9,78320,78350,2.0955282,164184.6344700
1769928840,2026-02-01T06:54:00.0000000Z,BTC-USDT,78350,78362,78339.8,78360,1.2635768,99013.8780480
1769928900,2026-02-01T06:55:00.0000000Z,BTC-USDT,78360,78360,78342,78355.9,1.08755813,85216.596078467
1769928960,2026-02-01T06:56:00.0000000Z,BTC-USDT,78356,78446.2,78355.9,78390.1,10.18127797,798111.398196097
1769929020,2026-02-01T06:57:00.0000000Z,BTC-USDT,78390.1,78408.4,78339.1,78340.1,1.21219421,94963.415630821
1769929080,2026-02-01T06:58:00.0000000Z,BTC-USDT,78340,78350.8,78314,78350.8,2.05860493,161293.343149444
1769929140,2026-02-01T06:59:00.0000000Z,BTC-USDT,78351.1,78351.1,78300,78300.1,2.87551482,225153.097957482
1769929200,2026-02-01T07:00:00.0000000Z,BTC-USDT,78300.2,78333,78300.2,78313.9,3.69511416,289378.800814824
1769929260,2026-02-01T07:01:00.0000000Z,BTC-USDT,78313.8,78313.9,78288.1,78300.1,3.38921,265375.481921
1769929320,2026-02-01T07:02:00.0000000Z,BTC-USDT,78300,78336,78300,78328,3.1170577,244152.8955256
1769929380,2026-02-01T07:03:00.0000000Z,BTC-USDT,78328,78328.1,78293.3,78300.1,15.05035145,1178444.023570145
1769929440,2026-02-01T07:04:00.0000000Z,BTC-USDT,78300,78306.8,78122.9,78156.2,13.45695765,1051744.673484930
1769929500,2026-02-01T07:05:00.0000000Z,BTC-USDT,78146.6,78200.9,78134.1,78134.1,3.28782323,256891.109035143
1769929560,2026-02-01T07:06:00.0000000Z,BTC-USDT,78134,78162.2,78045.6,78087.9,14.67162958,1145676.743480082
1769929620,2026-02-01T07:07:00.0000000Z,BTC-USDT,78087.8,78097,78048,78048,3.08204361,240547.33967328
1769929680,2026-02-01T07:08:00.0000000Z,BTC-USDT,78047,78195.9,77967.6,78195.8,40.47215169,3164752.279120902
1769929740,2026-02-01T07:09:00.0000000Z,BTC-USDT,78195,78249.9,78180.1,78245,6.02800093,471660.93276785
1769929800,2026-02-01T07:10:00.0000000Z,BTC-USDT,78245,78358,78245,78259.1,10.20676831,798772.501849121
1769929860,2026-02-01T07:11:00.0000000Z,BTC-USDT,78259,78288,78194,78220,9.65140549,754932.93742780
1769929920,2026-02-01T07:12:00.0000000Z,BTC-USDT,78219.9,78250.7,78100.1,78115.1,5.15276303,402508.599364753
1769929980,2026-02-01T07:13:00.0000000Z,BTC-USDT,78115,78260.8,78115,78245.4,13.32066363,1042280.653994802
1769930040,2026-02-01T07:14:00.0000000Z,BTC-USDT,78245.5,78277.8,78105.1,78122.4,10.26802679,802162.896099096
1769930100,2026-02-01T07:15:00.0000000Z,BTC-USDT,78122.3,78187,78122.3,78144.9,4.42481993,345777.110947857
1769930160,2026-02-01T07:16:00.0000000Z,BTC-USDT,78144.9,78197.5,78136.1,78188,6.67481548,521890.47275024
1769930220,2026-02-01T07:17:00.0000000Z,BTC-USDT,78187,78206,78155.1,78157.1,7.96146043,622244.658973553
1769930280,2026-02-01T07:18:00.0000000Z,BTC-USDT,78157,78157.1,78082,78082.1,4.33124173,338192.449886033
1769930340,2026-02-01T07:19:00.0000000Z,BTC-USDT,78082,78089.2,78008,78012,5.64685832,440522.71125984
1769930400,2026-02-01T07:20:00.0000000Z,BTC-USDT,78011.9,78180,78005.1,78130,6.07242059,474438.22069670
1769930460,2026-02-01T07:21:00.0000000Z,BTC-USDT,78130,78171.1,78120,78125,5.80180216,453265.79375000
1769930520,2026-02-01T07:22:00.0000000Z,BTC-USDT,78124.9,78137,78085.7,78096.1,3.71833922,290387.791559042
1769930580,2026-02-01T07:23:00.0000000Z,BTC-USDT,78096,78129.5,78080.1,78092.1,4.99975314,390441.222184194
1769930640,2026-02-01T07:24:00.0000000Z,BTC-USDT,78092,78118.5,78089.7,78108.1,11.78387692,920416.236855052
1769930700,2026-02-01T07:25:00.0000000Z,BTC-USDT,78108,78130.7,78108,78126.2,6.76616328,528614.625645936
1769930760,2026-02-01T07:26:00.0000000Z,BTC-USDT,78126.1,78126.2,78116,78121,2.34496976,183191.38262096
1769930820,2026-02-01T07:27:00.0000000Z,BTC-USDT,78120.9,78134,78120.9,78133.1,2.43542629,190287.405859199
1769930880,2026-02-01T07:28:00.0000000Z,BTC-USDT,78133,78217,78133,78189.9,2.8714704,224519.98342896
1769930940,2026-02-01T07:29:00.0000000Z,BTC-USDT,78189.9,78221,78189.8,78218,1.67725397,131191.45102546
1769931000,2026-02-01T07:30:00.0000000Z,BTC-USDT,78217.9,78219,78179.1,78207.9,2.32307743,181683.007337697
1769931060,2026-02-01T07:31:00.0000000Z,BTC-USDT,78207.8,78281.1,78194.1,78281,3.96492577,310378.35420137
1769931120,2026-02-01T07:32:00.0000000Z,BTC-USDT,78281,78309.1,78204,78223.2,5.29846179,414462.636291528
1769931180,2026-02-01T07:33:00.0000000Z,BTC-USDT,78223.2,78283.8,78223.2,78252.1,2.19355131,171649.996465251
1769931240,2026-02-01T07:34:00.0000000Z,BTC-USDT,78252.1,78267,78232.8,78267,2.7835428,217859.5443276
1769931300,2026-02-01T07:35:00.0000000Z,BTC-USDT,78266.9,78400,78266.9,78400,6.75278862,529418.62780800
1769931360,2026-02-01T07:36:00.0000000Z,BTC-USDT,78399.9,78405.7,78323.1,78352.1,7.80076487,611206.309170727
1769931420,2026-02-01T07:37:00.0000000Z,BTC-USDT,78352,78355,78339.1,78346,3.83665936,300586.91421856
1769931480,2026-02-01T07:38:00.0000000Z,BTC-USDT,78345.9,78378.2,78318,78350.1,3.84457633,301222.939913133
1769931540,2026-02-01T07:39:00.0000000Z,BTC-USDT,78350,78391.8,78322,78389.1,3.19792592,250682.534735472
1769931600,2026-02-01T07:40:00.0000000Z,BTC-USDT,78389,78679.5,78389,78651.1,17.1033626,1345198.28218886
1769931660,2026-02-01T07:41:00.0000000Z,BTC-USDT,78647,78730,78612.2,78648.4,11.19788147,880695.461005148
